{
    "Random Forest": 0.8857381150959133,
    "SVM": 0.9115929941618015,
    "KNN": 0.8306922435362802
}